-- phpMyAdmin SQL Dump
-- version 5.1.1
-- https://www.phpmyadmin.net/
--
-- Servidor: 127.0.0.1
-- Tiempo de generación: 10-10-2021 a las 00:19:35
-- Versión del servidor: 10.4.21-MariaDB
-- Versión de PHP: 8.0.11

SET SQL_MODE = "NO_AUTO_VALUE_ON_ZERO";
START TRANSACTION;
SET time_zone = "+00:00";


/*!40101 SET @OLD_CHARACTER_SET_CLIENT=@@CHARACTER_SET_CLIENT */;
/*!40101 SET @OLD_CHARACTER_SET_RESULTS=@@CHARACTER_SET_RESULTS */;
/*!40101 SET @OLD_COLLATION_CONNECTION=@@COLLATION_CONNECTION */;
/*!40101 SET NAMES utf8mb4 */;

--
-- Base de datos: `inventario`
--

-- --------------------------------------------------------

--
-- Estructura de tabla para la tabla `categories`
--

CREATE TABLE `categories` (
  `id` int(11) UNSIGNED NOT NULL,
  `name` varchar(60) NOT NULL
) ENGINE=InnoDB DEFAULT CHARSET=utf8;

--
-- Volcado de datos para la tabla `categories`
--

INSERT INTO `categories` (`id`, `name`) VALUES
(2, 'Canasta Familiar');

-- --------------------------------------------------------

--
-- Estructura de tabla para la tabla `media`
--

CREATE TABLE `media` (
  `id` int(11) UNSIGNED NOT NULL,
  `file_name` varchar(255) NOT NULL,
  `file_type` varchar(100) NOT NULL
) ENGINE=InnoDB DEFAULT CHARSET=latin1;

--
-- Volcado de datos para la tabla `media`
--

INSERT INTO `media` (`id`, `file_name`, `file_type`) VALUES
(2, 'sal.jpg', 'image/jpeg'),
(3, 'aceite.png', 'image/png'),
(4, 'alverja.png', 'image/png'),
(5, 'arroz.png', 'image/png'),
(6, 'avena.jpg', 'image/jpeg');

-- --------------------------------------------------------

--
-- Estructura de tabla para la tabla `products`
--

CREATE TABLE `products` (
  `id` int(11) UNSIGNED NOT NULL,
  `name` varchar(255) NOT NULL,
  `quantity` varchar(50) DEFAULT NULL,
  `buy_price` decimal(25,2) DEFAULT NULL,
  `sale_price` decimal(25,2) NOT NULL,
  `categorie_id` int(11) UNSIGNED NOT NULL,
  `media_id` int(11) DEFAULT 0,
  `date` datetime NOT NULL
) ENGINE=InnoDB DEFAULT CHARSET=utf8;

--
-- Volcado de datos para la tabla `products`
--

INSERT INTO `products` (`id`, `name`, `quantity`, `buy_price`, `sale_price`, `categorie_id`, `media_id`, `date`) VALUES
(2, 'Arroz', '5', '1700.00', '2500.00', 2, 5, '2021-10-09 18:54:06'),
(3, 'Arveja', '8', '1000.00', '1400.00', 2, 4, '2021-10-09 18:54:26'),
(4, 'Aceite', '15', '6700.00', '7800.00', 2, 3, '2021-10-09 18:54:52'),
(5, 'Avena', '1', '2000.00', '2600.00', 2, 6, '2021-10-09 18:55:23'),
(6, 'Sal', '16', '500.00', '1200.00', 2, 2, '2021-10-09 18:55:49'),
(10, 'azucar', '10', '1400.00', '2200.00', 2, 2, '2021-10-09 21:11:07');

-- --------------------------------------------------------

--
-- Estructura de tabla para la tabla `registro`
--

CREATE TABLE `registro` (
  `nombre` text CHARACTER SET utf8 COLLATE utf8_spanish_ci NOT NULL,
  `apellido` text CHARACTER SET utf8 COLLATE utf8_spanish_ci NOT NULL,
  `correo` text CHARACTER SET utf8 COLLATE utf8_spanish_ci NOT NULL,
  `identificacion` int(20) NOT NULL,
  `telefono` int(20) NOT NULL
) ENGINE=InnoDB DEFAULT CHARSET=utf8mb4;

--
-- Volcado de datos para la tabla `registro`
--

INSERT INTO `registro` (`nombre`, `apellido`, `correo`, `identificacion`, `telefono`) VALUES
('Aldair', 'Leal', 'aldi@gmail.com', 1083909330, 2147483647);

-- --------------------------------------------------------

--
-- Estructura de tabla para la tabla `sales`
--

CREATE TABLE `sales` (
  `id` int(11) UNSIGNED NOT NULL,
  `product_id` int(11) UNSIGNED NOT NULL,
  `qty` int(11) NOT NULL,
  `price` decimal(25,2) NOT NULL,
  `date` date NOT NULL
) ENGINE=InnoDB DEFAULT CHARSET=utf8;

--
-- Volcado de datos para la tabla `sales`
--

INSERT INTO `sales` (`id`, `product_id`, `qty`, `price`, `date`) VALUES
(1, 6, 2, '2400.00', '2021-10-09'),
(2, 2, 5, '12500.00', '2021-10-09'),
(3, 5, 3, '7800.00', '2021-10-09');

-- --------------------------------------------------------

--
-- Estructura de tabla para la tabla `users`
--

CREATE TABLE `users` (
  `id` int(11) UNSIGNED NOT NULL,
  `name` varchar(60) NOT NULL,
  `username` varchar(50) NOT NULL,
  `password` varchar(255) NOT NULL,
  `user_level` int(11) NOT NULL,
  `image` varchar(255) DEFAULT 'no_image.jpg',
  `status` int(1) NOT NULL,
  `last_login` datetime DEFAULT NULL
) ENGINE=InnoDB DEFAULT CHARSET=latin1;

--
-- Volcado de datos para la tabla `users`
--

INSERT INTO `users` (`id`, `name`, `username`, `password`, `user_level`, `image`, `status`, `last_login`) VALUES
(1, 'Admin Users', 'admin', 'd033e22ae348aeb5660fc2140aec35850c4da997', 1, 'pzg9wa7o1.jpg', 1, '2021-10-09 19:06:43'),
(2, 'Special User', 'special', 'ba36b97a41e7faf742ab09bf88405ac04f99599a', 2, 'no_image.jpg', 1, '2017-06-16 07:11:26'),
(3, 'Default User', 'user', '12dea96fec20593566ab75692c9949596833adc9', 3, 'no_image.jpg', 1, '2017-06-16 07:11:03'),
(11, 'Aldair', 'aldi', '93c213f7e4e70b6340d7312605ab9c3e42f0ac44', 2, 'no_image.jpg', 1, '2021-10-09 18:44:00'),
(12, 'Hector', 'hector', '9c6eb1131b4202ad199765465391a99f6498009c', 3, 'no_image.jpg', 1, '2021-10-09 18:59:47');

-- --------------------------------------------------------

--
-- Estructura de tabla para la tabla `user_groups`
--

CREATE TABLE `user_groups` (
  `id` int(11) NOT NULL,
  `group_name` varchar(150) NOT NULL,
  `group_level` int(11) NOT NULL,
  `group_status` int(1) NOT NULL
) ENGINE=InnoDB DEFAULT CHARSET=latin1;

--
-- Volcado de datos para la tabla `user_groups`
--

INSERT INTO `user_groups` (`id`, `group_name`, `group_level`, `group_status`) VALUES
(1, 'Admin', 1, 1),
(2, 'Special', 2, 0),
(3, 'User', 3, 1);

--
-- Índices para tablas volcadas
--

--
-- Indices de la tabla `categories`
--
ALTER TABLE `categories`
  ADD PRIMARY KEY (`id`),
  ADD UNIQUE KEY `name` (`name`);

--
-- Indices de la tabla `media`
--
ALTER TABLE `media`
  ADD PRIMARY KEY (`id`),
  ADD KEY `id` (`id`);

--
-- Indices de la tabla `products`
--
ALTER TABLE `products`
  ADD PRIMARY KEY (`id`),
  ADD UNIQUE KEY `name` (`name`),
  ADD KEY `categorie_id` (`categorie_id`),
  ADD KEY `media_id` (`media_id`);

--
-- Indices de la tabla `sales`
--
ALTER TABLE `sales`
  ADD PRIMARY KEY (`id`),
  ADD KEY `product_id` (`product_id`);

--
-- Indices de la tabla `users`
--
ALTER TABLE `users`
  ADD PRIMARY KEY (`id`),
  ADD UNIQUE KEY `username` (`username`),
  ADD KEY `user_level` (`user_level`);

--
-- Indices de la tabla `user_groups`
--
ALTER TABLE `user_groups`
  ADD PRIMARY KEY (`id`),
  ADD UNIQUE KEY `group_level` (`group_level`);

--
-- AUTO_INCREMENT de las tablas volcadas
--

--
-- AUTO_INCREMENT de la tabla `categories`
--
ALTER TABLE `categories`
  MODIFY `id` int(11) UNSIGNED NOT NULL AUTO_INCREMENT, AUTO_INCREMENT=3;

--
-- AUTO_INCREMENT de la tabla `media`
--
ALTER TABLE `media`
  MODIFY `id` int(11) UNSIGNED NOT NULL AUTO_INCREMENT, AUTO_INCREMENT=7;

--
-- AUTO_INCREMENT de la tabla `products`
--
ALTER TABLE `products`
  MODIFY `id` int(11) UNSIGNED NOT NULL AUTO_INCREMENT, AUTO_INCREMENT=11;

--
-- AUTO_INCREMENT de la tabla `sales`
--
ALTER TABLE `sales`
  MODIFY `id` int(11) UNSIGNED NOT NULL AUTO_INCREMENT, AUTO_INCREMENT=4;

--
-- AUTO_INCREMENT de la tabla `users`
--
ALTER TABLE `users`
  MODIFY `id` int(11) UNSIGNED NOT NULL AUTO_INCREMENT, AUTO_INCREMENT=13;

--
-- AUTO_INCREMENT de la tabla `user_groups`
--
ALTER TABLE `user_groups`
  MODIFY `id` int(11) NOT NULL AUTO_INCREMENT, AUTO_INCREMENT=4;

--
-- Restricciones para tablas volcadas
--

--
-- Filtros para la tabla `products`
--
ALTER TABLE `products`
  ADD CONSTRAINT `FK_products` FOREIGN KEY (`categorie_id`) REFERENCES `categories` (`id`) ON DELETE CASCADE ON UPDATE CASCADE;

--
-- Filtros para la tabla `sales`
--
ALTER TABLE `sales`
  ADD CONSTRAINT `SK` FOREIGN KEY (`product_id`) REFERENCES `products` (`id`) ON DELETE CASCADE ON UPDATE CASCADE;

--
-- Filtros para la tabla `users`
--
ALTER TABLE `users`
  ADD CONSTRAINT `FK_user` FOREIGN KEY (`user_level`) REFERENCES `user_groups` (`group_level`) ON DELETE CASCADE ON UPDATE CASCADE;
COMMIT;

/*!40101 SET CHARACTER_SET_CLIENT=@OLD_CHARACTER_SET_CLIENT */;
/*!40101 SET CHARACTER_SET_RESULTS=@OLD_CHARACTER_SET_RESULTS */;
/*!40101 SET COLLATION_CONNECTION=@OLD_COLLATION_CONNECTION */;
